names,ids,bds
Zan Spilar,561364,23-08-1997
Matthias Bruegger,511947,1993
Christoffer Faarup,170131,28-12-1992
Takashi Shioiri,6300468,15-02-1998
Sebastien Pichot,191778,1981
Tim Luescher,511702,1990
Hannes Trinkl,50221,1968
Alex Zingerle,6290440,17-08-1992
Wade H Bishop,533087,1980
Yohan G. Goutt,960300,20-12-1994
Marc Fulton,-10575, 
Mike Lafferty,-10654, 
Joel Gaspoz,-10447,1962
Atle Skaardal,420182,1966
Jimmy Cochran,534040,1981
Alberto Ghidoni,290258,1962
Piero Gros,-10761,1954
Mathieu Razanakolona,940000,1986
Brennan Rubie,934568,1991
Bob Cochran,-10100,1951
Jean Luc Pinel,-10434, 
Marc Rochat,511899,18-12-1992
Michel Vion,-10644,1959
Herbert Plank,-10377,1954
Rudolf Huber,-10822, 
Vitalij Rumiancev,780002,1985
Kjetil Jansrud,421483,28-08-1985
Juho Handolin,180808,24-12-1997
Fabian Himmelsbach,202908,15-06-1999
Matts Olsson,501324,01-12-1988
Nikolay Skriabin,690013,1978
Stephane Tissot,191425,1979
Franz Heinzer,510109,1962
David Chodounsky,534508,1984
Thomas Hettegger,54245,14-01-1994
Ivano Corvi,-10406, 
Wolfgang Hell,290896,1980
Andreas Strodl,201987,1987
Dominik Gschwenter,51060,1984
Zahari Yanakiev,90134,1987
Paul Boivin,-10722, 
Rudd Pyles,-10820, 
Scott Saunders-Sanchez,-10837, 
Patrice Manuel,190289,1974
William Duke,30357,11-11-1995
Ryu Takeda,301886,1984
Mike Brown,-10650, 
Scott Macartney,532490,1978
Christoph Kornberger,50841,1981
Nicolas Thoule,194212,1990
Ingemar Stenmark,-10391,1956
Anthony Obert,192943,1985
Patrick Jazbec,561161,1989
Jure Franko,-10476, 
Kiril Manolov,90132,1987
Gerhard Lieb,-10304, 
Rogers Little,-10799, 
Kentaro Minagawa,300804,1977
Martin Berthod,-10614, 
Olle Rolen,-10701, 
Antonio Fantino,690413,1991
Thomas Sykora,50213,1968
Asgeir Linberg,420129,1968
Sam Alphand,6190459,29-09-1997
Christophe Fivel,190140,1967
Daniel Dorigo,291704,1977
Michal Jasiczek,430633,13-03-1994
Arttu Niemela,180732,26-04-1994
Tim Lindgren,501384,1989
Max Franz,53817,01-09-1989
Semyel Bissig,512274,19-01-1998
Hubert Nachbauer,-10384, 
Alex Vinatzer,6293171,22-09-1999
Karl Schranz,-10493,1938
Alex Happacher,292150,1979
Emanuele Buzzi,6290985,27-10-1994
Sam Morse,6531520,27-05-1996
Erik Haaker,-10250,1952
Saemi Perren,510275,1980
Dmitry Trelevski,770011,14-11-1983
Borut Bozic,561404,26-11-2000
Pierre Violon,190729,1973
Hans Kirchgasser,-10351, 
Roger Brown,533336,1981
Rodolfo Roberto Dickson Sommers,540026,11-07-1997
Ramon Zenhaeusern,511902,04-05-1992
Stefan Prisadov,92562,1990
Johan Brolenius,500499,1977
Cody B Marshall,533739,1982
Samu Torsti,180666,05-09-1991
Dave Murray,-10201, 
Seigo Kato,6300451,14-04-1998
Jakub Klusak,430550,1992
Stefano Anzi,-10866,1949
Bostjan Kline,561216,09-03-1991
Kilian Albrecht,92591,1973
Filip Zubcic,380335,27-01-1993
Patrick Cogoli,291471,1976
Stepan Zuev,481006,1988
Lucas Senoner,292784,1983
Bryce Bennett,6530104,14-07-1992
Tijan Marovt,561378,08-07-1998
Hubert Strolz,50209,1962
Niklas Henning,-10689,1964
Thibaut Favrot,194935,22-12-1994
Eemeli Pirinen,180705,21-04-1993
Daniel Mahrer,510154,1962
Urs Kaelin,510125,1966
Tomoya Ishii,303097,23-05-1989
Frederic Ancey,-10292, 
Bruno Fretz,-10119, 
Sandro Jenal,511857,28-09-1992
Silvano Meli,-10855, 
Heinrich Rupp,510504,1972
Jouni Pellinen,180449,1983
Brian Stemmle,100294,1966
Todd Kelly,530190,1969
Franco Colturi,290791,1970
Richard Gravier,190204,1974
Alexander Prosch,291420,1976
Sebastiano Gastaldi,30266,12-06-1991
Saso Robic,-10834,1967
Gaku Hirasawa,300444,1973
Roy-Alexander Steudle,221053,05-07-1993
Oliver Kuenzi,510140,1966
Tommy Ford,531799,20-03-1989
Nicolas Raffort,194368,27-06-1991
Alexander Koll,50900,1982
Otto Berger,-10705, 
Klaus Happacher,-10512, 
Doug Lewis,-10222,1964
Marco Odermatt,512269,08-10-1997
Roland Collombin,-10805,1951
Dominik Bialobrzycki,430667,08-08-1995
Klaus Brandner,202196,30-01-1990
Franz Klammer,-10289,1953
Marlon Sjoberg,180817,18-05-1997
Kipling Weisel,6531217,26-03-1995
Christophe Roux,910001,1983
Guenther Marxer,350017,1964
Markus Eberle,201240,1969
Maxim Kedrin,480613,1982
Martin Khuber,670052,23-01-1992
Tommy Moe,530622,1970
Max Luukko,180737,04-01-1994
Sigbert Prestl,-10850, 
Markus Nilsen,421859,1989
Remy Falgoux,6190197,28-04-1996
Martin Cater,561255,20-12-1992
Ales Gorza,560406,1980
Andy Plank,291034,1989
Kurt Schnider,-10524, 
Patrick Haugen Veisten,422359,12-12-1994
Jeff Durand,101112,1976
Tomas Tucek,150077,1975
Yasuyuki Takishita,300701,1976
Vincent Kriechmayr,53980,01-10-1991
Matteo Marsaglia,293550,05-10-1985
Peter Aellig,-10733, 
Samuel Kolega,380377,15-01-1999
Lasse Kjus,420470,1971
Daniel Yule,511996,18-02-1993
Manuel Kramer,53837,1989
Marco Reymond,512082,05-09-1994
Luke Steyn,870002,07-06-1993
Janez Jazbec,561032,1984
Thomas Grandi,100115,1972
Matthias Tippelreither,51434,1988
Anders Rintza,170053,1977
Steve Missillier,192506,1984
Chad Fleischer,530240,1972
Reto Schmidiger,511908,21-04-1992
Didier Plaschy,510497,1973
Thomas Fanara,191750,24-04-1981
Bartl Gensbichler,-10075,1956
Primoz Skerbinek,560419,1980
Yves Tavernier,-10952,1962
Urs Lehmann,510313,1969
Craig Gorder,-10186, 
Peter Duerr,200065,1960
Stefan Stankalla,200249,1975
Ole Magnus Kulbeck,421332,1983
Patrick Biggs,102456,1982
Benno Wicki,510254,1968
Mikhail Taranenko,480997,1988
Helmuth Schmalzl,-10372, 
Franco Cavegn,510035,1971
Keith Shepherd,-10504, 
Giordano Ronci,6290183,12-10-1992
Jeff Piccard,191007,1976
Ivan Kuznetsov,481730,08-06-1996
Peter Mally,-10742, 
Giuliano Giardini,-10325, 
Giorgio Gros,291210,1981
Stephan Keppler,201606,1983
Szymon Kraciuk,430005,1963
Hansueli Tschiemer,510587,1975
Julien Cousineau,102239,1981
Nicholas Krause,6530486,12-05-1993
Karl Trojer,-10495, 
Ralf Socher,100288,1967
Bernhard Flaschberger,-10088, 
Stig Strand,-10871,1956
Walter Tresch,-10930,1948
Torsten Jakobsson,-10901, 
Joze Kuralt,-10468,1957
Kristian Ghedina,290255,1969
Alexandre Bouillot,193034,1985
Jonne Ruoppa,180532,1987
Bjoern Brudevoll,422572,26-02-1997
Robert McKee,-10789, 
Tino Pietrogiovanna,-10890, 
Alexander Heath,570012,1978
Rene Mlekuz,560089,1975
Simon Jocher,202762,25-05-1996
Willi Lesch,-10943, 
Martin Hangl,510107,1962
Niklas Koeck,54076,01-02-1992
Mats Holmgren,-10628,1958
Pietro Vitalini,290573,1967
Johan Oehagen,501255,1987
Leon Nikic,380379,04-10-1999
Leif Kristian Haugen,421669,29-11-1987
Nicklas Naeaes,500165,1973
Stephane Cretin,190098,1967
Rick Chaffee,-10781, 
Stefan Hadalin,561322,06-06-1995
Magnus Walch,54104,15-06-1992
Florian Schieder,6291625,26-12-1995
Josef Strobl,561177,1974
Roger Rossat-Mignod,-10800,1946
Felix Belczyk,100017,1961
Yannick Bertrand,191591,1980
John Buxman,-10450, 
Pierre Egger,50595,1978
Blaise Giezendanner,194298,29-11-1991
Filip Forejtek,151215,03-11-1997
Niki Fuerstauer,340054,1980
Klaus Heidegger,-10513,1957
Hannes Reiter,50851,1981
Cedric Meilleur,191008,1976
Manfred Moelgg,292491,03-06-1982
Kevin Francis,533842,1982
Rene Berthod,-10776, 
Tobias Gruenenfelder,510747,1977
Victor Guillot,6190329,12-06-1996
Cameron Alexander,104537,31-05-1997
Christopher Hoerl,54117,30-08-1989
Maui Gayme,110130,1983
Jan Einar Thorsen,420205,1966
Hayata Wakatsuki,6300673,26-01-1999
Miks Zvejnieks,550066,08-03-1995
Silvano Beltrametti,510812,1979
Daniel Zueger,510344,1979
Kieran Norris,221190,1995
Alex Giorgi,-10016, 
Marvin Van Heek,400281,1991
Pierre Bugnard,516287,27-01-1993
Bernard Grosfilley,-10083, 
Joachim Buchner,-10445, 
Michael Janyk,102435,1982
Daniele Sette,511863,28-02-1992
Christof Brandner,202566,23-09-1994
Jim Hunter,-10442,1953
Bernard Charvin,6191086,1947
Alexei Sugrobov,480468,24-01-1978
Alain Feutrier,190136,1968
Franck Carmagnolle,190121,1972
Paul Arne Skajem,-10727, 
Andrea Zinsli,510512,1972
Roberto Nani,294890,14-12-1988
Mathias Graf,54358,19-01-1996
Naomine Iwaya,-10681, 
Dries Van Den Broecke,60236,10-05-1995
Patrick Feurstein,54359,01-12-1996
Heiner Laengst,202602,1994
Felice De Nicolo',-10272, 
Noel Baxter,220083,1981
Roland Roche,-10803, 
Manfred Jakober,-10573, 
Hannes Reichelt,50742,05-07-1980
Gregor Grilc,560108,1970
Alfred Matt,-10024,1948
Nicholas Moynihan,221112,31-03-1994
Adrian Pertl,54348,22-04-1996
Istok Rodes,380361,27-01-1996
Francois Simond,190328,1969
Travis Ganong,530874,14-07-1988
Tommaso Sala,6291574,06-09-1995
Kai Are Fossland,420789,1976
Michihiko Nakamura,-10649, 
Vincent Millet,190707,1973
Klaus Gattermann,200088,1961
Federico Liberatore,6291631,28-08-1995
Jan Bachleda,-10418, 
Thomas Tumler,511638,05-11-1989
Mika Marila,180121,1973
Mauro Caviezel,511513,18-08-1988
Tim Gilhooly,-10888, 
Victor Muffat Jeandet,193967,05-03-1989
AJ Ginnis,6531063,17-11-1994
Sebastian Holzmann,202520,22-03-1993
Robert Zoller,-10792,1961
Tobias Barnerssoi,200008,1969
Henri Mollin,-10375,1958
Sergio Bergamelli,290640,1970
Fabian Fanger,510389,1981
Drago Grubelnik,560230, 
Jonas Fabre,194686,1993
Angelo Weiss,290578,1969
Albert Popov,92720,08-08-1997
Jean Daniel Deleze,-10429, 
Jouni Kaitala,180442,1983
Marcin Szafranski,430049,1971
Max-gordon Sundquist,501994,05-01-1994
Karl Anderson,-10491, 
Giuseppe Carletti,-10326, 
Erik Read,103729,31-05-1991
Misel Zerak,561254,1992
Luigi Colturi,290132,1967
Patrick Lamotte,-10718, 
Svetoslav Georgiev,92570,1991
Dietmar Thoeni,50217,1968
Manuel Schmid,202525,09-02-1993
Jan Wojtiuk,430307,1983
Alberto Senigagliesi,290756,1970
Alberto Schieppati,292250,1981
Christian Castellano,291287,1974
Joe Levins,530437,1968
Louis Muhlen,40621,12-03-1998
Yannick Favieres,190773,1978
Ludwig Sprenger,291281,1971
Mathias Woelfl,201725,1984
Mirko Deflorian,910004,1980
Amaury Genoud,511988,1993
Tommi Viirret,180317,1978
Michel Bozon,-10642, 
Andrej Jerman,560332,1978
Ryan Semple,102403,1982
Martial Donnet,-10613,1956
Scott Barrett,102635,1983
Johan Clarey,191740,08-01-1981
Hagen Patscheider,294911,1988
Steve Mahre,-10868,1957
Roger Zweifel,510194,1978
Igor Vakhnenko,690036,1981
Hiroyuki Aihara,-10380, 
Bernhard Knauss,560395,1965
Philippe Barroso,-10754, 
Thomas Biesemeyer,531452,30-01-1989
Rok Petrovic,310064,1966
Berni Huber,200141,1967
Benjamin Thomsen,103271,25-08-1987
Tanguy Nef,512203,19-11-1996
Lucas Braathen,422729,19-04-2000
Teddy Takki,180780,24-02-1996
Dominic Demschar,40523,1993
Alessandro Roberto,291768,1977
Bengt Fjaellberg,500031,1961
Peter Eigler,200070,1966
Alexander Ploner,290693,1978
Jostein Masdal,-10467, 
Jesper Brugge,500423,1975
Gilles Roulin,512039,14-05-1994
Jeff Olson,530284,1966
Grega Benedik,310003,1962
Andreas Wenzel,-10033,1958
Otto Tschudi,-10706, 
Rolf von Weissenfluh,510756,1977
Martin Kraus,201310,1980
Jarle Halsnes,-10424, 
Matteo Belfrond,290042,1967
Werner Rhyner,-10940, 
Gaetan Llorach,190278,1974
Romed Baumann,51215,14-01-1986
Rasmus Laine,180446,1983
Christian Neureuther,-10154,1949
Roland Assinger,50288,1973
Marc Gehrig,511527,03-12-1988
Bill Hudson,530171,1966
Patrick Staub,510231,1967
Jeffrey Frisch,103512,1984
Petr Zahrobsky,150421,30-11-1980
Renzo Zandegiacomo,-10777, 
Marcus Sandell,180534,23-09-1987
Guglielmo Bosca,6290845,05-06-1993
Klemen Bergant,560004,1966
Valentin Giraud Moine,194542,23-01-1992
Dave Irwin,-10200,1954
Mats Ericson,500027,1964
Stephan Goergl,50600,1978
Andreas Erschbamer,292971,1984
Erik Seletto,290489,1975
Kai Alaerts,60160,06-09-1989
Jakob Tischhauser,-10416, 
Geoff Bruce,-10299, 
Didier Cuche,510030,16-08-1974
Erik Fisher,534939,1985
William Vukelic,380374,29-09-1998
Markus Vogel,511174,1984
Klaus Kroell,50753,24-04-1980
Fausto Radici,-10271,1953
Jesper Pohjolainen,180889,14-09-2001
Bjoernar Neteland,422073,20-05-1991
Justus Kuukka,180722,1994
Bennett Norbury,40496,1992
Ivan Marzola,-10408, 
Martin Vrablik,150495,1982
Dimitri Cuche,511217,1985
Patrick Staudacher,290998,1980
Peter Lubellan,700686,1982
Raphael Burtin,191227,1977
Daniel Albrecht,510993,1983
Miha Hrobat,561310,03-02-1995
Turo Torvinen,180864,13-10-2000
Ondrej Berndt,150743,29-09-1988
Jakob Spik,561296,12-07-1994
Roberto Grigis,290274,1962
Steve Podborski,-10869,1957
Martin Stocker,50685,1979
Johan Wallner,500106,1965
Lars Boerje Eriksson,500029,1966
Jernej Rebersak,560298,1977
Andrew Noble,220575,1984
Dane Spencer,532188,1977
Alexandre Anselmet,191640,1980
Max Rauffer,200705,1972
Paul Stutz,102727,1983
Per Saxvall,501401,1989
Norbert Farkas,240132,1992
Janne Leskinen,180064,1971
Kurt Sulzenbacher,291641,1976
Adam Peraudo,294348,1987
Peter Frei,-10738, 
Sasha Zaitsoff,103646,1990
Gian Luca Barandun,512031,1994
Gianfranco Martin,290716,1970
Manuel Pleisch,511718,1990
Jean Luc Cretier,190096,1966
Jean Marc Muffat,-10435, 
Yuri Danilochkin,660021,22-02-1991
Michal Klusak,430472,20-07-1990
Mark Engel,934523,1991
Tomas Klinsky,151237,04-04-1998
Dmitriy Koshkin,670058,1986
Daniel Fontaine,-10193, 
Fabian Wilkens Solheim,422469,10-04-1996
Tiger Shaw,-10887,1961
Wolfram Ortner,-10950, 
Germain Barrette,-10311, 
Mathias Berthold,50012,1965
Steven Theolier,194207,1990
Didrik Marksten,420488,1971
Victor Gomez,20005,1974
Trevor Philp,103865,01-05-1992
John Moulder-Brown,220054,1978
Christoph Dreier,50824,1981
Chris Kent,-10146, 
Bernard Vajdic,560425,1980
Walter Girardi,291399,1976
Martin Knoeri,510135,1966
David Donaldson,103078,1986
Joaquim Salarich,491879,02-01-1994
Michael Zach,51258,1986
Cyril Vieux,192139,1983
Yumenosuke Kakizaki,304537,1995
Alberto Tomba,290539,1966
Sandy Vietze,6530534,16-07-1993
Heini Hemmi,-10363,1949
Tim Jitloff,534959,1985
Erik Schlopy,530703,1972
Marko Djordjevic,310267,1978
Greg Hardy,534152,1983
Don Rowles,-10218, 
Cary Mullen,100354,1969
Jean Francoise Rey,190299,1965
Jared Goldberg,934643,17-06-1991
Manuel Carrozza,290799,1980
Sacha Gros,530113,1974
Roland Pfeifer,-10802, 
Benjamin Ritchie,6532592,05-09-2000
Federico Paini,6291536,09-03-1995
Christopher Beckmann,534698,1986
Thibault Garnier,191755,1981
Manfred Kleinlercher,50358,1971
Didier Defago,510727,02-10-1977
Jeffrey Read,104468,01-10-1997
Lars Goeran Halvarsson,-10532,1961
Ross Peraudo,40594,1992
Joery Rooij Van,400163,1986
Aane Saeter,420196,1975
Ronald Duncan,220014,1962
Max Ancenay,190376,1970
Chiaki Ishioka,-10145, 
Manuel Pescollderungg,292280,1981
Luke Deane,40271,1982
Ed Podivinsky,100465,1970
Christof Innerhofer,293006,17-12-1984
Adam Zika,150834,16-08-1989
Kyle Negomir,6532123,03-10-1998
Luc Genolet,-10556, 
Aljaz Dvornik,561313,07-08-1995
Alec Scott,40612,20-01-1997
Andreas Ertl,200056,1975
Arnold Senoner,-10066, 
Elie Gateau,6190074,1995
Vincent Gaspoz,511776,1991
Ian Piccard,190270,1968
Jakub Kucera,150646,1986
Tetsuya Otaki,300389,1978
Marko Sljivic,710353,12-05-1996
Michael Veith,-10639, 
Jeff Hume,101850,1979
Michael Ross,101590,1978
Ivica Kostelic,380260,1979
Nikola Chongarov,92534,1989
Yasuhiro Ikuta,300466,1979
Marco Tonazzi,-10579, 
Kevin Wert,100504,1975
David Zwilling,-10204,1949
Warren Cummings Smith,390035,1992
Silvan Zurbriggen,510890,15-08-1981
Ken Read,-10506,1955
Roland Leitinger,54031,13-05-1991
Uros Pavlovcic,560050,1972
Ioannis Antoniou,230651,27-01-1995
Sam Robertson,40506,1993
Henri Battilani,6291029,27-02-1994
Xavier Gigandet,510086,1966
Christian Gaidet,190151,1963
Peter Schwendener,-10747, 
Marco Hangl,510106,1967
Vladimir Andreev,-10926, 
John Mealey,100192,1968
Simon Breitfuss Kammerlander,54106,29-11-1992
Charles Christianson,534507,1984
Benedikt Staubitzer,202265,05-12-1990
Andrej Filischkin,480031,1975
Ivan Kovbasnyuk,690694,18-05-1993
Paul Mahre,-10725, 
Benjamin Raich,50625,28-02-1978
Matej Jovan,560113,1970
Jan Zabystran,151238,26-01-1998
Bart Mollin,60015,1981
Matjaz Vrhovnik,560056,1972
Werner Perathoner,290398,1967
Florian Szwebel,6531726,04-09-1996
Henrik Kristoffersen,422304,02-07-1994
Tim Cafe,410270,1987
Josef Ferstl,202059,29-12-1988
Kenneth Sivertsen,420681,1973
Attilio Barcella,290034,1966
Are Torpe,420670,1973
Gauthier De Tessieres,191746,1981
Patrick Ortlieb,50144,1967
Thomas Graggaber,50831,1981
Hubertus von Hohenlohe,540001,02-02-1959
Matteo De Vettori,6290540,1993
Rainer Schoenfelder,50547,1977
Chip Knight,531557,1975
Alex Antor,20081,1979
River Radamus,6532084,12-02-1998
Freddy Rech,191667,1980
Timon Haugan,422507,27-12-1996
Achim Vogt,350031,1970
Sandro Viletta,511352,23-01-1986
Nolan Kasper,532138,1989
Arjan Wanders,400016,1978
Dalibor Samsal,380290,1985
Mattias Roenngren,501898,22-11-1993
Fernando Schmed,511808,1991
Stefan Brennsteiner,54027,03-10-1991
Daisuke Yoshioka,301184,06-01-1980
Ford Swette,104026,1993
Daniel Defago,510278,1980
Marco Casanova,510638,1976
Marc Berthod,510997,24-11-1983
Patrick Holzer,290705,1970
Matthieu Bailet,6190176,23-04-1996
Adrian Smiseth Sejersted,422310,16-07-1994
Johnny Albertsen,170050,1977
Michal Kalwa,430194,1978
Tahir Bisic,710240,1981
Akira Sasaki,301312,1981
Walter Gugele,-10929, 
Ryan Cochran-Siegle,6530319,27-03-1992
Stefan Jon Sigurgeirsson,250267,1989
Diego Amplatz,-10212, 
Werner Mattle,-10939,1949
Seppi Stiegler,530651,1988
Fabio Renz,202469,1992
Tobias Hedstroem,502298,03-12-1998
Alain Baxter,220044,1973
Jonathan Nordbotten,421860,14-07-1989
Ales Brezavsek,560013,1972
Richard Leitgeb,54233,19-05-1994
Henrik Jarvikare,180848,28-03-1999
Jesper Riis-Johannessen,421868,1989
Zan Groselj,561291,05-10-1993
Tonis Luik,390037,1995
Ami Oreiller,511405,1987
Bradley Wall,40221,1979
Jeremy Nobis,530548,1970
Oscar Andersson,500909,1982
Massimiliano Valcareggi,230659,1995
Simone Vicquery,290511,1975
Lukas Perathoner,290397,1968
Cary Adgate,-10133, 
Alexander Prast,6292181,07-07-1996
Adam Cole,533948,1982
Tomaz Sovic,561199,1990
Simon Rueland,54447,15-05-1997
Fritz Strobl,50182,1972
Jean Louis Ambroise,-10432, 
Michael Weyermann,510321,1980
Jacopo Di Ronco,990128,17-01-1990
Beat Feuz,511383,11-02-1987
Ralph Weber,511981,31-05-1993
Brenton Fetterplace,40324,1985
Daniele Sorio,6291028,08-04-1994
Olivier Jenot,370022,28-02-1988
Colby Granstrom,930105,1990
Marc Kuehni,510663,1976
Jean-Baptiste Grange,192665,10-10-1984
Michel Lucatelli,190214,1967
Andrew Weibrecht,530939,1986
Juergen Hasler,350041,1973
Nils Mani,511847,23-05-1992
Dominik Raschner,54252,23-08-1994
Manabu Sawaguchi,-10570, 
Jakub Fiala,530137,1975
Paul De La Cuesta,491151,1988
Loic Meillard,512182,29-10-1996
Adam Zampa,700830,13-09-1990
Werner Heel,292514,23-03-1982
Patrick Trocker,291006,1980
Tatsuki Matsumoto,304801,12-01-1996
Olivier Brand,510307,1980
Lucas Falcoz,193215,1986
Mads Moerch,420304,1969
Greg Jones,-10332,1953
Ivano Edalini,-10407,1961
Matija Zavirsek,561046,1984
Konrad Bartelski,-10516, 
Renato Antonioli,-10775, 
Maxime Tissot,193347,1986
Antoine Tissot,191618,1980
Matic Skube,561148,1988
Hans Knauss,50360,1971
Bjoern Sieber,53853, 
Hans Zingre,-10353, 
Deyvid Oprja,390018,1982
Felix Monsen,501987,06-11-1994
Iver Bjerkestrand,421650,1987
Espen Hellerud,420204,1971
Frederik Van Buynder,60159,1988
Davide Cazzaniga,6290393,06-06-1992
Franz Teppan,50318,1970
Malcolm Milne,-10568,1948
AJ Bear,40170,1977
Borek Zakouril,150149,1976
Claudio Collenberg,510765,1977
Eric Wilson,-10249, 
Bernard Orcel,-10084,1945
Filip Rzepecki,430560,1992
Kurt Gubser,-10522, 
Dietmar Koehlbichler,50113,1963
Siegfried Voglreiter,50230,1969
Tobias Hellman,500253,1973
Alexis Pinturault,194364,20-03-1991
Elias Kolega,380363,23-05-1996
Leo Anguenot,6190628,25-08-1998
Nick Daniels,934518,1991
Heinz Peter Platter,290419,1967
Justin Murisier,511896,08-01-1992
John Clough,-10451, 
Andrej Miklavc,560115,1970
Wilfried Muxel,-10941, 
Sebastien Missillier,191159,1977
Roland Thoeni,-10804,1951
Bertold Szepesi,240122,20-03-1990
Patrick Wirth,50393,1971
Josef Loidl,-10462, 
Christian Prassberger,200987,1977
Jesse Marshall,533142,1980
Christophe Saioni,190314,1969
Giancarlo Bergamelli,290023,1974
Mathias Haas,50254,1966
Johannes Stehle,201439,1981
Tilen Debelak,561214,31-05-1991
Alexej Maslov,480035,1966
Peter Roth,200271,1961
Peter Strodl,201542,1982
Gustav Lundbaeck,501873,27-03-1993
Christian Hemmi,-10153, 
Benjamin Melquiond,190462,1975
Michal Rajcan,700034,1980
Ondrej Bank,150398,1980
Hubert Berchtold,-10383,1950
Beni Hofer,510165,1978
Jake Zamansky,533397,1981
Bernhard Niederberger,512014,1993
Reggie Crist,530084,1968
Ivan Ratkic,380291,1986
Espen Lysdahl,421954,1990
Masaharu Ajiki,300441,1980
Manfred Grabler,-10572, 
Giulio Zuccarini,6292556,10-02-1997
Gustav Thoeni,-10341,1951
Johannes Kroell,53981,27-03-1991
Marco Buechel,350032,1971
Samy Blanc,193672,1988
Juerg Gruenenfelder,510051,1974
Finlay Mickel,220228,1977
Attila Bonis,240029,1971
Sandro Boner,511504,1988
Kyle Wieche,-10526, 
Anthony Bonvin,512063,14-07-1994
Bernhard Matti,510434,1981
Maciej Bydlinski,430429,1988
Rogier Oosterbaan,400015,1978
Helmut Hoeflehner,50091,1959
Scott Hume,102434,1982
Franck Pons,-10282, 
Fabian Bacher,6290886,04-04-1993
Dominik Stehle,201896,15-10-1986
Gerhard Speiser,200246,1975
Jason Rosener,530391,1975
Marc Bottollier,191415,1979
Henri Duvillard,-10374,1947
Hermann Maier,50423,1972
William Besse,510029,1968
Albin Tahiri,942023,15-02-1989
Boris Strel,-10106,1959
Norbert Holzknecht,50482,1976
Siegmar Klotz,294277,1987
Jon Terje Overland,-10455, 
Miro Oberstar,-10661, 
Antoine Deneriaz,190930,1976
Tin Siroki,380298,1987
Paulo Oppliger,110166,1971
Tyler Palmer,-10907,1950
Kiminobu Kimura,300263,1970
Miha Kuerner,561117,1987
Josef Pechtl,-10464, 
Atle Lie McGrath,422732,21-04-2000
Bob Styan,-10102, 
David Ketterer,202485,22-06-1993
Carlo Gerosa,290254,1964
Todd Brooker,-10892,1959
Truls Johansen,421849,1989
Lars Roesti,512281,19-01-1998
Sergeij Komarov,480670,1983
Finn Chr. Jagge,420102,1966
Mauro Bernardi,-10630, 
Stanley Hayer,104344,1973
Anton Lahdenperae,501116,1985
Pavel Trikhichev,481327,07-11-1992
Rainer Salzgeber,50171,1967
Krystof Kryzl,150644,12-10-1986
Mitja Kunc,560154,1971
Niklas Lindqvist,-10690,1964
Michael Lichtenegger,50368,1971
Gunnar Neuriesser,-10339, 
Even Hole,-10264, 
Craig Thrasher,530591,1970
Andraz Pogladic,561278,1993
Tyler Nella,103375,1988
Graydon Oldfield,100744,1973
Justin J Johnson,532173,1977
Georgi Georgiev,90131,1987
Robert Erlacher,-10794,1963
Philipp Schoerghofer,51007,20-01-1983
Scott Henderson,-10835, 
Stefan Sodat,-10865, 
Ivo Mahlknecht,-10409, 
Anders Andersson,500163,1978
Richard Pramotton,290435,1964
Hans Vaccari,6291911,30-07-1996
Reinhard Tritscher,-10772,1946
David Pretot,190280,1969
Edoardo Zardini,291469,1976
Danilo Sbardellotto,290485,1960
Claude Cretier,191115,1977
Hamit Sare,520063,1982
Alessandro Fattori,291116,1973
Jakub Ilewicz,430387,1987
Noel Von Gruenigen,512120,17-04-1995
Jostein Haugen,420261,1969
Guido Hinterseer,-10336, 
Michael von Gruenigen,510318,1969
Gregor Sparovec,560302,1977
Danko Marinelli,380296,1987
Massimo Zucchelli,291019,1972
Brad Hogan,532847,1979
Ron Biedermann,-10809, 
Mitja Dragsic,560371,1979
Gareth Sine,102947,1985
Greg Hann,-10331, 
Takuya Ishioka,300281,1971
Todd Haywood,410130,1977
Kieffer Christianson,6530115,1992
Sam Maes,60261,07-06-1998
Stefan Pistor,200236,1962
Jukka Leino,180292,1978
Florian Seer,50473,1976
Anton Dorner,-10062, 
Joakim Wallner,500337,1962
Mark Bridgwater,410252,1985
Andrej Prevuznak,700012,1978
Kurt Pittschieler,293079,1984
Truls Ove Karlsen,420148,1975
Andreas Schifferer,50124,1974
Raphael Faessler,511224,1985
Christoph Alster,50761,1980
Maarten Meiners,400237,08-02-1992
Bryon Friedman,533098,1980
Thomas Koenig,53898,1990
Konstantin Chistiakov,480477, 
Michael Matt,54170,13-05-1993
Adrien Theaux,192746,18-09-1984
Yoan Todorov,92721,09-07-1997
Max Ullrich,380341,15-04-1994
Masami Ichimura,-10623, 
Pierre Emmanuel Dalcin,191116,1977
Jules Melquiond,-10472, 
Urs Kryenbuehl,512042,28-01-1994
Luc Alphand,190010,1965
Jeroen Van Den Bogaert,60088,16-03-1979
Marko Vukicevic,310426,27-10-1992
Mario Scheiber,51005,1983
Matej Prielozny,700929,28-09-1997
Will Brandenburg,530165,1987
Felix Neureuther,201702,26-03-1984
Kristaps Zvejnieks,550054,1992
Hans Peter Rohr,512168, 
Audun Groenvold,420830,1976
Roland Fischnaller,291389,1975
Roberts Rode,550022,1987
Adam Kotzmann,151024,08-04-1993
Arnaud Alessandria,370031,15-07-1993
Guy Perillat,-10342,1940
Roberto Burini,-10793, 
Carlo Demetz,-10126, 
Laurent Caiolo,190615,1978
Vincent Lavoie,101375,1977
Antoine Marical,194332,1991
Marton Kekesi,240139,19-12-1995
Tuukka Kaukoniemi,180483,1985
Lars Olsson,-10530, 
Eric Poulsen,-10248, 
Ryan Oughtred,100457,1975
Jernej Koblar,560151,1971
Patrick Wright,103156,1986
Patrick Brachner,860005,07-01-1992
Greg Galeotti,194457,1992
Frederik Norys,202765,14-04-1996
Florian Scheiber,51332,17-05-1987
Daron Rahlves,531040,1973
Daniel Rienda Contreras,490566,1980
Franz Digruber,-10287, 
Kalle Palander,180251,1977
Markus Foser,350004,1968
Jens Henttinen,180718,02-01-1993
Dustin Cook,100558,11-02-1989
Jure Kosir,560033,1972
Jim Heuga,-10955, 
Martin Kroisleitner,50610,1978
Mattias Hargin,501111,07-10-1985
Roger Pramotton,290436,1969
Nicolas Lambert,194146,1990
Paolo Pangrazzi,294904,1988
Ace Tarberry,531156,1988
Philip Pugnat,-10755, 
Francisco Fernandez Ochoa,490221,1950
Maurizio Feller,291280,1974
Helmut Mayer,50130,1966
Lasse Hamre,-10533, 
Sami Uotila,180212,1976
Marcus Vorre,170159,08-07-1998
Nils Alphand,6190179,16-06-1996
Wojciech Zagorski,430357,1985
Claude Perrot,-10174, 
Mike Giannelli,101330,1977
Ernst Good,-10255, 
Ted Ligety,534562,31-08-1984
Bode Miller,532431,1977
Gino Caviezel,511852,23-06-1992
Martin Fiala,200080,1968
Leonardo David,-10542,1960
Woo-Sung Kim,320244,1986
Stefan Georgiev,90047,1977
Matthieu Osch,360046,01-04-1999
Michael Sablatnik,51250,1986
Werner Grissmann,-10936,1952
Konrad Walk,-10517,1965
Conrad Pridy,103385,1988
Steven Amiez,6190558,07-09-1998
Harald Chr. Strand Nilsen,420556,1971
Carl Jonsson,502417,11-05-2000
Craig Branch,40171,1977
Marc Girardelli,360002,1963
Ferran Terra,491129,1987
Michael Walchhofer,50041,1975
Rudi Sailer,-10821, 
Andreas Omminger,50997,1983
Johann F. Haraldsson,250107,1979
Riccardo Tonetti,291318,14-05-1989
Marc Digruber,51395,29-04-1988
Cyril Nocenti,191911,1982
Emir Lokmic,710362,23-12-1997
Philipp Zepnik,202125,1988
Jorge Mandru,110187,1986
Hank Kashiwa,-10346, 
Steven Lee,40023,1962
Antonio Villaroger Ristevski,750088,19-05-1989
Thierry Gentina,190165,1968
Jens Byggmark,501101,1985
Andreas Sprecher,-10032, 
Alexander Sannes Thorsen,422483,21-01-1996
Kevin Page,190510,1975
Daniel Hemetsberger,53975,23-05-1991
Pawel Babicki,430640,22-11-1994
Erjon Tola,800013,15-12-1986
Didier Bouvet,190058,1961
Michel Davare,292299,1981
Jeremy Palmer,-10439, 
Tomaz Cerkovnik,-10893,1960
Leopold Gruber,-10543, 
Markus Ganahl,350007,1975
Bruno Piazzalunga,-10122, 
Will Gregorak,930107,1990
Reinhard Schmalzl,-10771, 
Tor Melander,-10896, 
Marvin Ackermann,202290,1991
Claudio Sprecher,350069,1980
Andreas Nilsen,421098,1980
David Poisson,191964, 
Matthias Mayer,53902,09-06-1990
Saku Aho,180812,29-12-1997
Pierrick Bourgeat,190915,1976
Niels Hintermann,512124,05-05-1995
Patrice Bianchi,190034,1969
Thomas Dressen,202535,22-11-1993
Andrea Ballerin,290095,01-02-1989
Kurt Engl,50675,1979
Naoki Yuasa,301709,24-04-1983
Rishu Okada,300379,1978
Cedric Noger,511867,17-05-1992
Albert Burger,200046,1955
Franz Vogler,-10290,1944
Joel Chenal,190677,1973
Christoph Noesig,51159,1985
Roman Derezinski,-10807, 
Henrik Von Appen,110324,15-12-1994
Paul Accola,510001,1967
Jukka Rajala,180430,1982
Torjus Berge,-10900, 
Reinfried Herbst,50605,11-10-1978
Raphael Haaser,54445,17-09-1997
Emil Bjoertomt Kristiansen,421946,1990
Simon Fournier,104488,26-05-1997
Enis Becirbegovic,710223,1976
Mikio Katagiri,-10655, 
Hans Pieren,510198,1962
Leonhard Stock,50199,1958
Marcel Mathis,53985,1991
Luca De Aliprandini,990116,01-09-1990
Manuel Feller,54063,13-10-1992
Vitus Lueoend,511142,1984
Charlie Bergendahl,500438,1977
Peder Dahlum Eide,422300,06-06-1994
Clement Noel,6190403,03-05-1997
Andreas Zampa,700879,13-08-1993
Bjarne Solbakken,420911,18-05-1977
Paul McDonald,534748,1984
Alfred Hagn,-10023, 
Hideyuki Narita,304242,23-09-1993
Louis-Pierre Helie,103090,1986
Kelby Halbert,103656,1990
Michael Tritscher,50222,1965
Robbie Bosinger,100035,1966
Eugenio Claro,110320,1993
Giacomo Erlacher,-10316, 
Juuso Aulanko,180334,1979
Stian Saugestad,422120,12-10-1992
Raphael Himmelsbach,201603,1983
Alexandre Pittin,192122,1983
Stefan Babinsky,54371,02-04-1996
Evgeniy Timofeev,770015,16-10-1994
Peter Bylund,500726,1979
Jendrek Stanek,201449,1981
Bill Johnson,530176,1960
Hans Olsson,501076,1984
Riley Seger,104539,21-04-1997
Cedric Ochsner,512288,03-06-1998
Thomas Frey,192653,1984
Lorenzo Cancian,-10553, 
Thomas Stangassinger,50196,1965
Janez Zibler,-10423, 
Paolo De Chiesa,-10728, 
Fabio De Crignis,290172,1968
Vitalij Andreev,480082,1969
Karl Alpiger,-10490,1961
Hannes Brenner,51050,1984
Christophe Berra,510027,1965
Nick Cohee,530758,1988
Victor Schuller,6190006,11-01-1995
Fredrik Nyberg,500139,1969
Stefan Guay,103087,1986
Yves Dimier,190112,1969
Ivano Camozzi,290096,1962
Dumeng Giovanoli,-10224,1941
Michael Bonetti,510969,1982
Josef Polig,290426,1968
Massimo Penasa,292756,1983
Adur Etxezarreta,492063,27-01-1996
Jeremy Transue,533762,1983
Manfred Brunner,-10571, 
Sandro Simonet,512138,05-07-1995
Martin Hyska,700901,13-06-1994
Lasse Arnesen,420007,1965
Mathieu Faivre,194495,18-01-1992
Piotr Kaczmarek,430290,1982
Pierre Paquin,191462,1979
Fabian Gratz,202829,22-07-1997
Jos Minsch,-10463,1941
Nicolas Arsel,30160,1982
Ilario Pegorari,-10388, 
Guillermo Fayed,192932,1985
Angus Howden,410198,1981
Florian Loriot,6190687,21-11-1998
Rob Boyd,100040,1966
Matthias Lanzinger,50743,1980
Marc Gisin,511529,25-06-1988
Daniel Paulus,151060,09-06-1994
Petteri Kantola,180502,1986
Chad Mullen,100211,1974
Robin Buffet,194262,14-10-1991
Louis Jauffret,-10555, 
Tom Verbeke,60256,13-06-1997
Timo Bruederl,200272,1989
Moreno Testorelli,511348,1986
Stefan Luitz,202437,26-03-1992
Hig Roberts,934566,15-03-1991
Miran Rauter,560053,1972
Jaroslav Babusiak,700724,1984
Jaba Gelashvili,680053,07-03-1993
Graham Bell,220003,1966
Frederic Berthold,53968,03-06-1991
Artem Borodaykin,481514,1994
Drew Duffy,6531127,01-06-1995
Alain Villiard,-10010,1965
Armand Schiele,190321,1967
Mario Reiter,50309,1970
Matej Falat,700868,08-02-1993
Patrick Russel,-10719,1946
Andreas Buder,50695,1979
Patrice Pellat Finet,-10715, 
Jim Barrows,-10441, 
Ivan Heimschild,700037,1980
Juhan Luik,390041,25-11-1997
Thomas Dorner,54471,22-07-1998
Matteo Berbenni,291990,1979
Jeremie Durand,193212,1986
Simon Piolaine,6190467,17-06-1997
Andre Myhrer,501017,11-01-1983
Gerhard Nenning,-10306,1940
Daniel Caduff,510046,1968
Ola Buer Johansen,422275,03-08-1993
Julian Rauchfuss,202584,02-09-1994
Rob Crossan,100072,1968
Hannes Wagner,201900,1986
John Piccard,-10452,1965
Axel Baeck,501223,1987
Thomas Vonn,532028,1975
Stein Kristian Strand,421040,1979
Bastian Meisen,202764,20-04-1996
Conradin Cathomen,-10181,1959
Kurt Huggler,-10523, 
Toni Ollikka,180280,1978
Rasmus Windingstad,422278,31-10-1993
Andrej Sporn,560447,01-12-1981
Georg Streitberger,50858,1981
Cristian Deville,291145,1981
Frederic Covili,190236,1975
Matevz Rupnik,561369,04-10-1997
Brett Fischer,532167,1977
Paul Frommelt,350005,1957
Adam Barwood,410365,30-07-1992
Nils Allegre,194858,02-01-1994
Broderick Thompson,104096,19-04-1994
George Steffey,6531963,08-08-1997
Heinz Weixelbaum,-10366, 
Tomas Kraus,150014,1974
Niklas Rainer,501026,09-05-1983
Sebastian Liebl,200337,1989
Willis Feasey,410364,28-08-1992
Theo Letitre,6190497,17-12-1997
Maxence Muzaton,194167,26-06-1990
Laurent Mazzili,-10534, 
Mario Herzog,51232,1986
Matthew Grosjean,530527,1970
Sebastian Brigovic,380318,1992
Peter Struger,50919,1982
Juan Del Campo,491853,28-06-1994
Sven Schnitzenbaumer,200238,1975
Daniel Fischer,201784,1985
Anton Tremmel,202615,26-11-1994
Alan Perathoner,291404,1976
Gianluca Grigoletto,290145,1974
Giovanni Borsotti,990048,18-12-1990
Marian Bires,700002,1964
Stephanos Tsimikalis,230165,1985
Andrej Krizaj,561085,1986
Herbert Huber,-10376,1944
Pol Carreras,491356,1990
Elian Lehto,180877,02-06-2000
Wiley Maple,930024,25-05-1990
Josef Walcher,-10466,1954
Simon Stancel,700808,1988
Ingvar Bergstedt,-10396, 
Fabrizio Tescari,290531,1969
Brice Roger,194190,09-08-1990
Kurt Engstler,-10521, 
Dominik Schwaiger,202345,01-05-1991
Wisi Betschart,531819,1976
Olindo Cozzio,-10699, 
Charlie Raposo,221213,15-01-1996
Vassilis Dimitriadis,230080,1978
Morgan Hellum,170091,1980
Jerome Baptendier,190086,1975
Ioan Valeriu Achiriloaie,460071,20-08-1990
Edmund Bruggmann,-10234,1943
Jan Hudec,102271,1981
Igor Cigolla,290118,1963
Leo Puentener,510517,1973
Petri Haerkoenen,180385,1981
Trevor White,102922,1984
Laurie Taylor,221236,10-02-1996
Francois Bourque,102814,1984
Daniel Demschar,40536,1994
Edi Reichart,-10228, 
Luca Pesando,290404,1966
Terry Palmer,-10882, 
Florian Eisath,292967,1984
Anton Steiner,-10063,1958
Anze Mravlja,561119,1987
Hannes Zehentner,200392,1965
Arnt Georg Kolle,420013,1974
Fredrik Nordh,501071,1984
Peter Runggaldier,290466,1968
Heinz Holzer,290284,1964
Olle Sundin,502230,17-12-1997
Luca Tiezza,292261,1981
Michael Zahnd,510487,1981
Bojan Krizaj,10104,1957
Maxime Rizzo,194664,01-11-1993
Asher Jordan,104710,23-11-1999
Peter Duncan,-10734, 
Miikka Mankinen,180820,07-05-1997
Johan Schreurs,60116,1983
Dan Axel Grahn,501992,05-06-1994
Jan Seiler,511063,1983
Guenther Mader,50127,1964
Vladimir Spider Sabich,-10861,1945
Hans Petter Buraas,420069,1975
Hiroaki Ohtaka,-10379, 
Giulio Bosca,990051,03-02-1990
Albert Ortega,492192,18-11-1998
Christian Wanninger,201445,1981
Calle Enocson,501105,1984
Christian Polig,290425,1966
Jonas Fravi,511682,1990
Doug Powell,-10223, 
Cory Carlson,-10185, 
Reto Beeli,-10778, 
Christian Walder,54009,31-08-1991
Ronald Stampfer,50474,1976
Johann Kniewasser,-10448, 
Thomas Loedler,380277,1973
Benjamin Griffin,410266,1986
Andreas Sander,200379,13-06-1989
Davide Simoncelli,292120,1979
Armin Bittner,200028,1964
Ivars Ciaguns,550004,1977
Norman Bergamelli,290803,1971
Manuel Osborne-Paradis,102899,08-02-1984
Robin Marullaz,191157,1977
Alexandre Borel,191592,1980
Peter Feyersinger,-10736, 
Simon Maurberger,6291430,20-02-1995
Luca Moretti,290924,1980
Stefan Kaelin,512480, 
Thomas Geisser,510715,1977
Max Julen,-10632,1961
Johan Pietilae Holmner,501557,1991
Jean Daniel Daetwyler,-10428,1945
Peter Soltys,-10748, 
Zan Kranjec,561244,15-11-1992
Gerhard Koenigsrainer,290299,1968
Pawel Starzyk,430610,1993
Steve Locher,510145,1967
Werner Margreiter,-10937, 
Bernhard Gstrein,50069,1965
Jeffrey M Harrison,534468,1984
Warner C Nickerson,534038,1981
Manuel Wieser,53922,1990
Jean Pierre Vidal,191139,1977
Andy Luhn,-10036, 
Christian Orlainsky,-10155,1962
Rok Perko,561067,10-06-1985
Markus Duerager,53936,20-02-1990
Lionel Finance,190138,1967
Konrad Hari,510207,1978
Steven Nyman,533866,12-02-1982
Frederic Marin Cudraz,190294,1974
Michael Ankeny,934502,1991
Thomas Mayrpeter,54099,05-05-1992
Luke Laidlaw,40489,1992
Alois Morgenstern,-10026, 
Aurelio Garcia,-10071, 
Martin Bendik,700878,27-04-1993
Urs Imboden,910000,1975
Mattia Casse,990081,19-02-1990
Casey Snyder,530715,1972
Nicolas Burtin,190097,1972
Pete Patterson,-10732, 
Peter Lakota,-10740, 
Roberto Spampatti,290518,1965
Alexandre Pasquier,193560,1987
Luc Henri Chevalier,40553,1992
Masashi Hanada,302449,1986
Anton Konovalov,480752,1985
Matej Vidovic,380334,14-04-1993
Luke Winters,6531936,02-04-1997
Michael Gufler,292056,1979
Jack Gower,221117,26-05-1994
Igor Laikert,710320,27-02-1991
Morgan Megarry,103997,26-05-1993
Gabriel Rivas,193334,1986
Josef Schick,-10465,1965
Stefan Kogler,201422,1981
Baptiste Alliot Lugaz,6190079,04-05-1995
Tom Rothrock,532497,1978
Wolfgang Junginger,-10949, 
Joonas Rasanen,180567,25-10-1989
Marco Tumler,511574,1988
Marco Pastore,201815,1973
Gerry Rinaldi,-10313, 
Miroslav Kolar,150011,1961
Tetsuya Okabe,300105,1965
Andreas Romar,180570,04-09-1989
Giuliano Razzoli,293098,18-12-1984
Massimiliano Blardone,292000,1979
Armand Marchant,60253,14-12-1997
Walter Vesti,-10931,1950
Kristjan Uni Oskarsson,250193,1984
Masanori Shin,304139,22-07-1993
Leo Lacroix,-10541, 
Robbie Dixon,102961,1985
Willy Raine,100472,1970
Cornel Zueger,510498,1981
Kamen Zlatkov,92719,09-08-1997
Igor Zakurdaev,670037,08-01-1987
Denis Rey,190297,1966
Tomaz Cizman,-10894,1965
Dennis McCoy,-10207, 
Bjarne Strand,-10096, 
Nico Gauer,350097,09-04-1996
Willi Frommelt,-10942, 
Roger Vidosa,20174,1984
Luca Aerni,511983,27-03-1993
Benjamin Gardet,193228,1986
James Leuzinger,220648,1982
Elia Zurbriggen,511741,09-10-1990
Norbert Wendner,-10692, 
Heinz Schilchegger,50271,1973
Iason Abramashvili,680041,26-04-1988
Juho-Pekka Penttinen,180631,1991
Klemen Kosi,561217,19-06-1991
Stephan Eberharter,50024,1969
Aronne Pieruz,292831,1983
Christoph Krenn,54209,07-07-1994
Tyler Werry,103762,1991
Manfred Pranger,50624,1978
Luke Sauder,100628,1970
Daniel Meier,54144,04-04-1993
Carlo Senoner,-10127,1943
Alain Navillod,-10008, 
Fritz Dopfer,202462,24-08-1987
Hans Grugger,50833,1981
Nick Zoricic,102630, 
Mark Tache,-10606, 
Didier Schmidt,190322,1967
Oswald Schranzhofer,291023,1970
Dardan Dehari,750089,23-08-1990
Brad Spence,102912,1984
Christopher Neumayer,54080,29-04-1992
Odd Sorli,-10694, 
Gerhard Prinzing,-10308, 
Martin Marinac,50688,1979
Gerhard Mussner,-10305, 
Chris Puckett,530562,1970
Ehlias Louis,531351,1974
Sam Mulligan,104529,20-02-1997
Arnold Rieder,291421,1976
Calle Lindh,501458,1990
Peter Fischer,-10737, 
Felix McGrath,-10275,1963
Alois Vogl,200251,1972
Gasper Markic,561087,1986
Patrik Jaerbyn,500150,1969
Daniel Danklmaier,54157,24-04-1993
Alexander Feinestam,500413,1974
John Kucera,102873,1984
Werner Marti,-10938, 
Zelimir Vukovic,310386,1983
Adam Chrapek,430617,24-09-1993
Endre Bjertness,422134,26-04-1992
Cristian Javier Simari Birkner,30149,04-10-1980
Thorsten Goetze,201097,1978
Shinya Chiba,-10848,1961
Filip Trejbal,150594,1985
Ambrosi Hoffmann,510767,1977
Brodie Seger,104272,28-12-1995
Peter Rzehak,50310,1970
Fabio Gstrein,54444,14-06-1997
Toshihiro Kaiwa,-10902,1955
Linus Strasser,202451,06-11-1992
Alexandru Barbu,460060,08-03-1987
Karl Cordin,-10492,1948
Franco Bieler,-10283,1950
Marco Schwarz,54320,16-08-1995
Mitja Valencic,560355,1978
Ulrich Perathoner,290453,1975
Pirmin Hacker,54346,16-11-1996
Bernhard Bauer,202372, 
Roman Torn,100308,1967
Petter Robertsson,501135,07-10-1985
Steffan Winkelhorst,400235,06-03-1992
Marcello Varallo,-10578, 
Erik Guay,102263,05-08-1981
Darren Thorburn,100493,1970
Bernd Felbinger,-10085, 
Martin Stricker,511817,1991
Kjetil Andre Aamodt,420382,02-09-1971
Sebastien Fournier-Bidoz,190945,1976
Mauro Cornaz,-10631, 
Ole Kristian Furuseth,420059,1967
Roope Leskinen,180602,1990
Atsushi Sawada,-10070, 
Alwin De Quartel,400131,1983
Jan Holicky,150007,1974
Bryce Stevens,40304,1984
Alex Hofer,6291374,15-09-1994
Ivan Pacak,-10401, 
Juho Dahl,180731,1994
Stefano Gross,293797,04-09-1986
Michel Canac,-10643, 
Patrick Kueng,511139,11-01-1984
Bjorn Gefle,-10097, 
Roger Cruickshank,220489,1982
Erwin Josi,-10260, 
Patrick Thaler,290732,1978
Aleksander Aamodt Kilde,422139,21-09-1992
Leyti Seck,470003,21-01-1981
Dominik Paris,291459,14-04-1989
Kasper Hietanen,180667,1991
Marko Rudic,710311,1990
Omar Longhi,290910,1980
Petter Brenna,421566,1986
Johnny Vicari,-10453, 
Simon Efimov,481785,14-10-1996
Werner Bleiner,-10935,1946
Philip Verneret,-10757,1962
Marcel Hirscher,53831,02-03-1989
Joachim Puchner,51327,1987
Thomas Fogdoe,500160,1970
Sepp Ferstl,-10840,1954
Samuel Dupratt,6530453,28-11-1993
Sebastien Amiez,190012,1972
Simon Bastelica,191214,1977
Cyprien Richard,191423,1979
James Crawford,104531,03-05-1997
Johannes Strolz,54093,12-09-1992
Trygve Sande,421034,1979
Stefano Baruffaldi,6290062,17-09-1992
Peter Jurko,-10739,1967
Patrick Bechter,50931,1982
Christian Spescha,511634,1989
Cyprien Sarrazin,194873,13-10-1994
Armin Assinger,50002,1964
Clic Bloomfield,531011,1973
Bernhard Graf,51401,1988
Tobias Stechert,201811,1985
Dagib Guliev,-10189, 
Silvano Varettoni,293141,1984
Harti Weirather,-10356,1958
Nikolai Hentsch,80058,1983
Stefan Rogentin,512038,16-05-1994
Roy Piccard,194650,02-12-1993
Ernst Winkler,-10259, 
Tomas Birkner De Miguel,30388,05-03-1997
Francois Place,193986,02-07-1989
Luca Cattaneo,290117,1972
Egon Hirt,-10235, 
Erwin Stricker,-10262, 
Michele Stefani,-10646,1948
Wolfgang Hoerl,50981,1983
Marcel Sulliger,510240,1967
Michael Gmeiner,51138,1985
Lasse Paulsen,420696,1974
Richard Kroell,50117,1968
Klaus Eberhard,-10510, 
Martin Bell,220004,1964
Alain Penz,-10009,1947
Arne Hardenberg,170037,1973
Peter Fill,292455,12-11-1982
Morgan Pridy,103612,1990
Rune Andre Oestby,420658,1973
Kristoffer Jakobsen,502015,09-09-1994
Santeri Paloniemi,180703,1993
Gary Athans,-10298, 
Julien Lizeroux,191459,05-09-1979
Hyung Chul Kim,,WAR
Anton Cassman,,ERR
Werner Franz,,WAR
Josef Heckelmiller,,ERR
Juergen Grabner,,ERR
Hans Stuffer,,WAR
Thomas Mermillod,,WAR
Fritzi Dopfer,,ERR
Harald Ii Man De,,WAR
TJ Lanning,,ERR
Stefan Krauss,,WAR
Nathaniel Smith,,ERR
Vladislav Novikov,,WAR
Alexander Schmid,,WAR
Vincent Blanc,,WAR
Giorgio Piantanida,,WAR
Gerhard Rimml,,ERR
Douglas Crawford,,WAR
Robert Zan,,WAR
Ozbi Oslak,,ERR
Toni Lindebner,,ERR
Pavel Pochobradski,,ERR
Jack John Miller,,WAR
Federico Simoni,,WAR
Uli Spiess,,ERR
Bernard Russi,,ERR
Peter Namberger,,WAR
Michael Mair,,WAR
David Currier,,ERR
P. Rachetto,,ERR
Francesco Gori,,WAR
Fritz Stoelzl,,ERR
Egon Zimmermann,,ERR
Jean Luc Fournier,,WAR
Shun Nakamura,,WAR
Jean Noel Augert,,WAR
Harald Rofner,,ERR
Phil Mahre,,WAR
A.J. Kitt,,ERR
Herbert Renoth,,WAR
Christian Hirschbuehel,,ERR
Gerard Rambaud,,ERR
Robert Ormsby,,ERR
Kristinn Bjornsson,,WAR
Sepp Wildgruber,,WAR
Hossein Kalhor,,WAR
Kevin Esteve Rigail,,ERR
Marco Pfiffner,,WAR
Peter Pen,,WAR
Jean Philippe Roy,,WAR
Stephane Exartier,,WAR
Bob Swan,,ERR
Adrien Duvillard,,WAR
Franck Woerndl,,ERR
Mario Matt,,WAR
Alexander Schastnih,,ERR
Michael Eder,,WAR
Xavier Fournier,,WAR
Andres Figueroa,,WAR
P Casey Puckett,,WAR
Markus Monsen,,ERR
Robin Back,,WAR
William Hansson,,WAR
Rod Hebron,,ERR
Andreas Voelgyesi,,ERR
Willy Delberghe,,ERR
Thomas Buergler,,WAR
Eberhard Schmalzl,,ERR
Valeri Tsiganov,,ERR
Henry Brechu,,ERR
Antal Gotzy,,ERR
Thomas Fischer,,WAR
Mike Carney,,ERR
Peter Luescher,,ERR
E. Wurner,,ERR
Edward Drake,,ERR
Urs Raeber,,ERR
Karl Thaler,,WAR
Roman Rupp,,WAR
Natko Zrncic-Dim,,ERR
Frank Piccard,,ERR
Bernhard Simonlehner,,ERR
Alberto Rovira Caus,,ERR
Hannes Spiss,,WAR
Markus Herrmann,,WAR
Chris Frank,,WAR
Michel Daetwyler,,ERR
Andrei Drygin,,ERR
Niklas Nilsson,,WAR
Anthony Guss,,ERR
Hans-Joerg Tauscher,,ERR
Ken Phelps,,ERR
Philippe Roux,,WAR
Michael Rishworth,,ERR
Marc Oliveras,,WAR
Georges Mauduit,,WAR
Bruno Noeckler,,ERR
Kristian Haug,,WAR
Bengt-Erik Grahn,,ERR
Bernard Fahner,,ERR
Hannes Zingerle,,WAR
Florian Beck,,WAR
Ion Nan,,WAR
Oskar Delago,,WAR
Giovanni Moro,,WAR
Alexander Koell,,WAR
Michael Riegler,,WAR
Hansi Hinterseer,,ERR
Bill Kidd,,ERR
Elmar Hofer,,WAR
Christoph Gruber,,WAR
Brian Mclaughlin,,WAR
Giuliano Besson,,ERR
Marc Garcia,,WAR
Jean Pierre Augert,,WAR
Florian Eckert,,ERR
Daniel Moar,,WAR
Markus Larsson,,WAR
Ryuunosuke Ohkoshi,,ERR
Iwan Bormolini,,ERR
Lars-Mikkel Bjoerge,,ERR
Robert Kelley,,ERR
R. Schaller,,ERR
Dong-Hyun Jung,,ERR
Thomas Hangl,,WAR
Oswald Toetsch,,ERR
Hans Hinterholzer,,ERR
Casper Dyrbye Naested,,ERR
Daniel Stripp,,ERR
Daniel Brunner,,WAR
Jonas Nilsson,,WAR
Arnt Erik Dale,,WAR
Markus Wasmeier,,WAR
Segei Maitakov,,ERR
Knut Erik Johannesen,,ERR
Sturla-Snaer Snorrason,,ERR
Giglio Tomasi,,WAR
PierLorenzo Clataud,,ERR
Thomas Kemenather,,ERR
Stephan Thanei,,ERR
Michael Frost,,ERR
Johnatan Longhi,,ERR
Donald Stevens,,WAR
Christian Forrer,,WAR
Andrzej Bachleda,,WAR
Aleksandr Zhirov,,ERR
Joan Verdu Sanchez,,ERR
Hoelje Tefre,,ERR
Joergen Sundqvist,,ERR
Camilo Lopez Anglada,,ERR
Sho Sato,,WAR
Jerome Noviant,,WAR
Oriol Dot Casellas,,ERR
Axel Esteve Jordana,,ERR
Mikail Renzhyn,,ERR
Siegfried Kerschbaumer,,ERR
Per Roennmark,,ERR
Bjoergvin Bjoergvinnson,,ERR
Philip Brown,,ERR
Bruno Kernen I,,WAR
Harry Laidlaw,,WAR
Aksel-Lund Svindal,,ERR
Eric Rolland,,WAR
Ernst Riedlsperger,,WAR
Mario Summermatter,,WAR
Martin Hansson,,WAR
Andy Mill,,WAR
Willi Favre,,ERR
Christian Soelle,,ERR
Piotr Habdas,,WAR
Adolf Roesti,,ERR
Jonathon Brauer,,ERR
Ivan Muraviev,,ERR
Bohumir Zeman,,WAR
Konrad  Kurt Ladstaetter,,ERR
Hans Bjoerge,,ERR
Maciej Gasienica,,ERR
Tom Stiansen,,WAR
Peter Mueller,,WAR
Pirmin Zurbriggen,,WAR
Toni Buergler,,ERR
Aleksandr Andrienko,,ERR
Rudolph Nierlich,,ERR
Alexey Chaadayev,,ERR
Erwin Resch,,WAR
David Griff,,WAR
Alexei Bogdanow,,ERR
Franz Gruber,,WAR
Lars Elton Myhre,,WAR
Doglas Hedin,,ERR
Pavel Chestakov,,ERR
Rolando Riccardo,,ERR
Rune Lindstroem,,ERR
Thomas Baldwin,,ERR
Osamu Kodama,,ERR
Philippe Hardy,,ERR
Daniel Mougel,,WAR
Christian Greber,,WAR
Thomas Bergamelli,,ERR
Aksel Patricksson,,ERR
Billy Taylor,,ERR
Gerhard Pfaffenbichler,,WAR
Hannes Paul Schmid,,WAR
Max Rieger,,WAR
Daniel Ericsson,,WAR
Leon Nkic,,ERR
Vladimir Makeev,,WAR
Eric Villiard,,WAR
Patrick Schweiger,,WAR
Petar Popangelov,,ERR
Peter Wirnsberger Ii,,ERR
Matteo Nana,,WAR
Jean Claude Killy,,WAR
C. Frommelt,,ERR
Alex Williams,,WAR
Bogumir Zeman,,ERR
Darin McBeath,,ERR
Andrej Bachleda,,ERR
Kyle Rasmussen,,WAR
Victor Malmstrom,,ERR
Gustav Oehrli,,WAR
Lorenzo Galli,,WAR
Dmitrij Ulianov,,ERR
Dean Todorov,,ERR
Philip Schuler,,WAR
Jean Jacques Bertrand,,WAR
Robin McLeish,,ERR
Julien Bal,,WAR
Peter Rohr,,WAR
Kamiljon Tukhtaev,,ERR
Miroslav Sochor,,ERR
Naomine Iwatani,,ERR
Pepi Strobl,,ERR
Magnus Andersson,,WAR
Rune Saefvenberg,,ERR
Wataru Mizuatani,,ERR
Thomas Hauser,,WAR
Guillem Capdevilla,,ERR
Kyohsuke Kohno,,ERR
Miso Magusar,,ERR
Min Heuk Kang,,WAR
Mads Boedkner,,ERR
Young Ha Ji,,WAR
Timothy Kelley,,ERR
Alexandr Horoshilov,,ERR
Ryoh Sugai,,ERR
Youhei Koyama,,ERR
Bostjan Jakopic,,ERR
Tiziano Bieller,,ERR
Claudio De Tassis,,ERR
Heini Messner,,ERR
Max Rossum  Van,,WAR
Paul Schwarzacher-j.,,ERR
Alek Glebov,,ERR
Jon Olsson,,WAR
C. Leitner,,ERR
Mike Farney,,ERR
Othmar Striedinger,,ERR
Christophe Ple',,WAR
Massimilano Iezza,,ERR
Carlo Janka,,ERR
Giorgio Rocca,,WAR
Stefan Niederseer,,WAR
Bruno Kernen,,WAR
David Ryding,,ERR
Gerhard Jaeger,,ERR
David Andersson,,WAR
Craig Shanholtzer,,ERR
Sepp Oberfrank,,WAR
Yvan Eggenberger,,ERR
Simen Ramberg Christensen,,WAR
Miroslav Pazout,,ERR
Mitko Hadiev,,ERR
Giulio Corradi,,ERR
Hans Enn,,WAR
Helmuth Gstrein,,ERR
M. Kashiwagi,,ERR
Michael Brunner,,WAR
Tristan Cochrane,,ERR
Emil Johansson,,WAR
Sebastian-Foss Solevaag,,ERR
Philipp Schmid,,WAR
Hansjoerg Schlager,,ERR
Willibald Zechner,,WAR
Christian Mayer,,WAR
Sung-Hyun Kyung,,ERR
Jacques Luethy,,ERR
Alex Benianidze,,ERR
Riccardo Foppa,,ERR
Scott Hoffmann,,ERR
David Anderson,,WAR
Ralph Kreuzer,,ERR
Engelhard Pargaetzi,,ERR
Peter Wirnsberger,,WAR
Michael Haas,,WAR
David Stapleton,,ERR
Nikos Bonos,,ERR
Luis Fernandez Ochoa,,WAR
Marco Sullivan,,WAR
Georg Sonnnenberger,,ERR
Marc Gini,,WAR
Hyeon-Tae Kim,,ERR
Andrey Bistrov,,ERR
Lance Poulsen,,ERR
HÅkon Mjoen,,ENC
